id,name,model_id,group_id/id,operation,domain
pharmacy_prescription_pharmacist,pharmacy.prescription,pharmacy.prescription,pharmacy_management_system.group_pharmacist,crud,
pharmacy_prescription_manager,pharmacy.prescription,pharmacy.prescription,pharmacy_management_system.group_manager,crud,
pharmacy_prescription_line_pharmacist,pharmacy.prescription.line,pharmacy.prescription.line,pharmacy_management_system.group_pharmacist,crud,
pharmacy_prescription_line_manager,pharmacy.prescription.line,pharmacy.prescription.line,pharmacy_management_system.group_manager,crud,
pharmacy_drug_pharmacist,pharmacy.drug,pharmacy.drug,pharmacy_management_system.group_pharmacist,r,
pharmacy_drug_manager,pharmacy.drug,pharmacy.drug,pharmacy_management_system.group_manager,crud,
pharmacy_drug_ingredient_pharmacist,pharmacy.drug.ingredient,pharmacy.drug.ingredient,pharmacy_management_system.group_pharmacist,r,
pharmacy_drug_ingredient_manager,pharmacy.drug.ingredient,pharmacy.drug.ingredient,pharmacy_management_system.group_manager,crud,
pharmacy_drug_category_pharmacist,pharmacy.drug.category,pharmacy.drug.category,pharmacy_management_system.group_pharmacist,r,
pharmacy_drug_category_manager,pharmacy.drug.category,pharmacy.drug.category,pharmacy_management_system.group_manager,crud,
pharmacy_drug_coverage_pharmacist,pharmacy.drug.coverage,pharmacy.drug.coverage,pharmacy_management_system.group_pharmacist,r,
pharmacy_drug_coverage_manager,pharmacy.drug.coverage,pharmacy.drug.coverage,pharmacy_management_system.group_manager,crud,
pharmacy_branch_pharmacist,pharmacy.pharmacy,pharmacy.pharmacy,pharmacy_management_system.group_pharmacist,r,
pharmacy_branch_manager,pharmacy.pharmacy,pharmacy.pharmacy,pharmacy_management_system.group_manager,crud,
pharmacy_availability_pharmacist,pharmacy.resource.availability,pharmacy.resource.availability,pharmacy_management_system.group_pharmacist,cru,
pharmacy_availability_manager,pharmacy.resource.availability,pharmacy.resource.availability,pharmacy_management_system.group_manager,crud,
pharmacy_shift_template_pharmacist,pharmacy.shift.template,pharmacy.shift.template,pharmacy_management_system.group_pharmacist,r,
pharmacy_shift_template_manager,pharmacy.shift.template,pharmacy.shift.template,pharmacy_management_system.group_manager,crud,
pharmacy_lot_read,stock.lot,stock.lot,pharmacy_management_system.group_pharmacist,r,
pharmacy_lot_manager,stock.lot,stock.lot,pharmacy_management_system.group_manager,crud,
